{"cameraMode":{"drawMode":0,"name":"Shaded","section":"Shading Mode"},"sceneLighting":true,"audioPlay":false,"sceneViewState":{"m_AlwaysRefresh":false,"showFog":true,"showSkybox":false,"showFlares":true,"showImageEffects":true,"showParticleSystems":true,"showVisualEffectGraphs":true,"m_FxEnabled":true},"in2DMode":false,"pivot":{"x":-0.3995792865753174,"y":0.49106064438819888,"z":-0.9279221296310425},"rotation":{"x":-0.21737658977508546,"y":-0.4073127508163452,"z":0.10045649111270905,"w":-0.8813658952713013},"size":0.14325642585754395,"orthographic":false}